target_soc,deadline,pct
1.0,02:00,0.0
1.0,03:00,0.4761
1.0,03:30,0.0
1.0,04:00,0.8711
1.0,04:30,2.0155
1.0,05:00,2.0836
1.0,05:30,1.7567
1.0,06:00,3.723
1.0,06:30,1.4252
1.0,07:00,5.4623
1.0,07:30,0.803
1.0,08:00,1.852
1.0,08:30,0.2127
1.0,09:00,0.5396
1.0,09:30,0.0
1.0,10:00,0.2808
0.95,02:00,0.0
0.95,03:00,0.081
0.95,03:30,0.0
0.95,04:00,0.0174
0.95,04:30,0.3762
0.95,05:00,0.2808
0.95,05:30,0.1173
0.95,06:00,0.6395
0.95,06:30,0.081
0.95,07:00,0.803
0.95,07:30,0.2445
0.95,08:00,0.1173
0.95,08:30,0.0
0.95,09:00,0.0174
0.95,09:30,0.0
0.95,10:00,0.0174
0.9,02:00,0.0
0.9,03:00,0.2445
0.9,03:30,0.1173
0.9,04:00,0.5396
0.9,04:30,2.0155
0.9,05:00,1.7567
0.9,05:30,1.3616
0.9,06:00,3.6594
0.9,06:30,2.0155
0.9,07:00,5.6257
0.9,07:30,0.6078
0.9,08:00,1.7567
0.9,08:30,0.2127
0.9,09:00,0.803
0.9,09:30,0.0
0.9,10:00,0.2808
0.85,02:00,0.0
0.85,03:00,0.0174
0.85,03:30,0.0
0.85,04:00,0.1173
0.85,04:30,0.3762
0.85,05:00,0.803
0.85,05:30,0.7395
0.85,06:00,1.0028
0.85,06:30,0.803
0.85,07:00,2.3107
0.85,07:30,0.2445
0.85,08:00,0.803
0.85,08:30,0.0174
0.85,09:00,0.2808
0.85,09:30,0.0
0.85,10:00,0.2127
0.8,02:00,0.0
0.8,03:00,0.2127
0.8,03:30,0.0174
0.8,04:00,0.2808
0.8,04:30,2.0836
0.8,05:00,1.5251
0.8,05:30,1.0982
0.8,06:00,3.1326
0.8,06:30,1.625
0.8,07:00,8.2551
0.8,07:30,0.803
0.8,08:00,2.5741
0.8,08:30,0.1491
0.8,09:00,0.6078
0.8,09:30,0.0174
0.8,10:00,0.3762
0.75,02:00,0.0
0.75,03:00,0.0
0.75,03:30,0.0
0.75,04:00,0.0
0.75,04:30,0.1491
0.75,05:00,0.0174
0.75,05:30,0.1173
0.75,06:00,0.2127
0.75,06:30,0.1173
0.75,07:00,0.7395
0.75,07:30,0.0
0.75,08:00,0.2127
0.75,08:30,0.0
0.75,09:00,0.0
0.75,09:30,0.0
0.75,10:00,0.0
0.7,02:00,0.0
0.7,03:00,0.0
0.7,03:30,0.0
0.7,04:00,0.081
0.7,04:30,0.2127
0.7,05:00,0.2445
0.7,05:30,0.1491
0.7,06:00,0.1173
0.7,06:30,0.2127
0.7,07:00,1.0028
0.7,07:30,0.0174
0.7,08:00,0.2445
0.7,08:30,0.0
0.7,09:00,0.0174
0.7,09:30,0.0
0.7,10:00,0.0
0.65,02:00,0.0
0.65,03:00,0.0
0.65,03:30,0.0
0.65,04:00,0.0
0.65,04:30,0.0174
0.65,05:00,0.0
0.65,05:30,0.0174
0.65,06:00,0.0
0.65,06:30,0.0
0.65,07:00,0.1491
0.65,07:30,0.0
0.65,08:00,0.0174
0.65,08:30,0.0
0.65,09:00,0.0
0.65,09:30,0.0
0.65,10:00,0.0
0.6,02:00,0.0
0.6,03:00,0.0
0.6,03:30,0.0
0.6,04:00,0.0
0.6,04:30,0.1173
0.6,05:00,0.0
0.6,05:30,0.0174
0.6,06:00,0.081
0.6,06:30,0.0
0.6,07:00,0.1491
0.6,07:30,0.0
0.6,08:00,0.0174
0.6,08:30,0.0
0.6,09:00,0.0
0.6,09:30,0.0
0.6,10:00,0.0174
