plug_in_hour,plug_out_hour,pct
0,0,0.0228
0,1,0.0228
0,2,0.0118
0,3,0.0118
0,4,0.0118
0,5,0.0118
0,6,0.0228
0,7,0.0824
0,8,0.1045
0,9,0.0626
0,10,0.0427
0,11,0.0427
0,12,0.0228
0,13,0.0228
0,14,0.0118
0,15,0.0118
0,16,0.0118
0,17,0.0118
0,18,0.0118
0,19,0.0118
0,20,0.0118
0,21,0.0118
0,22,0.0118
0,23,0.0118
1,0,0.0118
1,1,0.0427
1,2,0.0228
1,3,0.0118
1,4,0.0118
1,5,0.0118
1,6,0.0118
1,7,0.0228
1,8,0.0228
1,9,0.0118
1,10,0.0118
1,11,0.0118
1,12,0.0118
1,13,0.0118
1,14,0.0118
1,15,0.0118
1,16,0.0118
1,17,0.0118
1,18,0.0118
1,19,0.0118
1,20,0.0118
1,21,0.0118
1,22,0.0118
1,23,0.0118
2,0,0.0118
2,1,0.0118
2,2,0.0427
2,3,0.0118
2,4,0.0118
2,5,0.0118
2,6,0.0118
2,7,0.0118
2,8,0.0228
2,9,0.0118
2,10,0.0118
2,11,0.0118
2,12,0.0118
2,13,0.0118
2,14,0.0118
2,15,0.0118
2,16,0.0118
2,17,0.0118
2,18,0.0118
2,19,0.0118
2,20,0.0118
2,21,0.0118
2,22,0.0118
2,23,0.0118
3,0,0.0118
3,1,0.0118
3,2,0.0118
3,3,0.0228
3,4,0.0118
3,5,0.0118
3,6,0.0118
3,7,0.0118
3,8,0.0118
3,9,0.0118
3,10,0.0118
3,11,0.0118
3,12,0.0118
3,13,0.0118
3,14,0.0118
3,15,0.0118
3,16,0.0118
3,17,0.0118
3,18,0.0118
3,19,0.0118
3,20,0.0118
3,21,0.0118
3,22,0.0118
3,23,0.0118
4,0,0.0118
4,1,0.0118
4,2,0.0118
4,3,0.0118
4,4,0.0228
4,5,0.0427
4,6,0.0228
4,7,0.0427
4,8,0.0427
4,9,0.0118
4,10,0.0118
4,11,0.0118
4,12,0.0118
4,13,0.0118
4,14,0.0118
4,15,0.0118
4,16,0.0118
4,17,0.0118
4,18,0.0118
4,19,0.0118
4,20,0.0118
4,21,0.0118
4,22,0.0118
4,23,0.0118
5,0,0.0118
5,1,0.0118
5,2,0.0118
5,3,0.0118
5,4,0.0118
5,5,0.0427
5,6,0.1244
5,7,0.0626
5,8,0.0228
5,9,0.0118
5,10,0.0118
5,11,0.0118
5,12,0.0228
5,13,0.0228
5,14,0.0228
5,15,0.0228
5,16,0.0118
5,17,0.0118
5,18,0.0118
5,19,0.0118
5,20,0.0118
5,21,0.0118
5,22,0.0118
5,23,0.0118
6,0,0.0118
6,1,0.0118
6,2,0.0118
6,3,0.0118
6,4,0.0118
6,5,0.0118
6,6,0.2459
6,7,0.2967
6,8,0.0935
6,9,0.0736
6,10,0.0736
6,11,0.0935
6,12,0.0427
6,13,0.0427
6,14,0.0736
6,15,0.1332
6,16,0.1045
6,17,0.0427
6,18,0.0228
6,19,0.0118
6,20,0.0118
6,21,0.0118
6,22,0.0118
6,23,0.0118
7,0,0.0118
7,1,0.0118
7,2,0.0118
7,3,0.0118
7,4,0.0118
7,5,0.0118
7,6,0.0118
7,7,0.3673
7,8,0.4998
7,9,0.184
7,10,0.1642
7,11,0.2856
7,12,0.2039
7,13,0.1332
7,14,0.1244
7,15,0.184
7,16,0.3872
7,17,0.1642
7,18,0.0427
7,19,0.0118
7,20,0.0118
7,21,0.0118
7,22,0.0118
7,23,0.0118
8,0,0.0118
8,1,0.0118
8,2,0.0118
8,3,0.0118
8,4,0.0118
8,5,0.0118
8,6,0.0118
8,7,0.0228
8,8,0.4998
8,9,0.6411
8,10,0.2856
8,11,0.2856
8,12,0.2856
8,13,0.2149
8,14,0.2149
8,15,0.2547
8,16,0.3276
8,17,0.3276
8,18,0.0824
8,19,0.0118
8,20,0.0118
8,21,0.0118
8,22,0.0118
8,23,0.0118
9,0,0.0118
9,1,0.0118
9,2,0.0118
9,3,0.0118
9,4,0.0118
9,5,0.0118
9,6,0.0118
9,7,0.0427
9,8,0.0427
9,9,0.5506
9,10,0.6014
9,11,0.2856
9,12,0.2149
9,13,0.1642
9,14,0.184
9,15,0.1642
9,16,0.1642
9,17,0.1642
9,18,0.0824
9,19,0.0118
9,20,0.0118
9,21,0.0118
9,22,0.0118
9,23,0.0118
10,0,0.0118
10,1,0.0118
10,2,0.0118
10,3,0.0118
10,4,0.0118
10,5,0.0118
10,6,0.0228
10,7,0.0626
10,8,0.0427
10,9,0.0228
10,10,0.4998
10,11,0.7427
10,12,0.2459
10,13,0.1642
10,14,0.1642
10,15,0.1134
10,16,0.1045
10,17,0.0626
10,18,0.0427
10,19,0.0228
10,20,0.0118
10,21,0.0118
10,22,0.0118
10,23,0.0118
11,0,0.0118
11,1,0.0118
11,2,0.0118
11,3,0.0118
11,4,0.0118
11,5,0.0228
11,6,0.0736
11,7,0.1332
11,8,0.1045
11,9,0.0626
11,10,0.0626
11,11,0.4998
11,12,0.8244
11,13,0.2967
11,14,0.2459
11,15,0.2149
11,16,0.184
11,17,0.1045
11,18,0.0824
11,19,0.0228
11,20,0.0118
11,21,0.0118
11,22,0.0118
11,23,0.0118
12,0,0.0118
12,1,0.0118
12,2,0.0118
12,3,0.0118
12,4,0.0118
12,5,0.0228
12,6,0.0935
12,7,0.2039
12,8,0.1244
12,9,0.1045
12,10,0.0626
12,11,0.0626
12,12,0.5506
12,13,0.8531
12,14,0.3673
12,15,0.2657
12,16,0.2856
12,17,0.2149
12,18,0.1045
12,19,0.0228
12,20,0.0118
12,21,0.0118
12,22,0.0118
12,23,0.0118
13,0,0.0118
13,1,0.0118
13,2,0.0118
13,3,0.0118
13,4,0.0118
13,5,0.0427
13,6,0.1332
13,7,0.2149
13,8,0.2149
13,9,0.1642
13,10,0.1244
13,11,0.0824
13,12,0.0736
13,13,0.6213
13,14,0.8046
13,15,0.4071
13,16,0.3276
13,17,0.2459
13,18,0.1642
13,19,0.0537
13,20,0.0118
13,21,0.0118
13,22,0.0118
13,23,0.0118
14,0,0.0118
14,1,0.0118
14,2,0.0118
14,3,0.0118
14,4,0.0228
14,5,0.1045
14,6,0.2856
14,7,0.5396
14,8,0.3276
14,9,0.2149
14,10,0.184
14,11,0.1244
14,12,0.1045
14,13,0.0626
14,14,0.6213
14,15,0.7935
14,16,0.4071
14,17,0.3055
14,18,0.2039
14,19,0.0736
14,20,0.0228
14,21,0.0118
14,22,0.0118
14,23,0.0118
15,0,0.0118
15,1,0.0118
15,2,0.0118
15,3,0.0118
15,4,0.0824
15,5,0.2459
15,6,0.5086
15,7,0.8244
15,8,0.7935
15,9,0.449
15,10,0.2856
15,11,0.184
15,12,0.1642
15,13,0.1045
15,14,0.1045
15,15,0.661
15,16,0.9547
15,17,0.4888
15,18,0.3276
15,19,0.1752
15,20,0.0626
15,21,0.0228
15,22,0.0228
15,23,0.0118
16,0,0.0118
16,1,0.0118
16,2,0.0118
16,3,0.0228
16,4,0.1443
16,5,0.4579
16,6,1.1491
16,7,1.6658
16,8,1.1778
16,9,0.6213
16,10,0.438
16,11,0.3276
16,12,0.2149
16,13,0.1642
16,14,0.1642
16,15,0.1045
16,16,0.7118
16,17,1.1071
16,18,0.5506
16,19,0.2657
16,20,0.1045
16,21,0.0626
16,22,0.0228
16,23,0.0118
17,0,0.0118
17,1,0.0118
17,2,0.0118
17,3,0.0228
17,4,0.2459
17,5,0.661
17,6,1.615
17,7,2.4564
17,8,2.0302
17,9,0.8134
17,10,0.6102
17,11,0.438
17,12,0.3276
17,13,0.2459
17,14,0.1332
17,15,0.1642
17,16,0.2039
17,17,0.7935
17,18,1.0563
17,19,0.4998
17,20,0.2149
17,21,0.1045
17,22,0.0427
17,23,0.0228
18,0,0.0118
18,1,0.0118
18,2,0.0118
18,3,0.0427
18,4,0.2039
18,5,0.6411
18,6,1.6768
18,7,2.5712
18,8,2.1318
18,9,0.8244
18,10,0.5396
18,11,0.449
18,12,0.3673
18,13,0.2856
18,14,0.1642
18,15,0.184
18,16,0.184
18,17,0.2039
18,18,0.6301
18,19,0.9039
18,20,0.2967
18,21,0.1244
18,22,0.0626
18,23,0.0228
19,0,0.0118
19,1,0.0118
19,2,0.0118
19,3,0.0228
19,4,0.1443
19,5,0.4998
19,6,1.4317
19,7,2.3658
19,8,2.1229
19,9,0.7427
19,10,0.5506
19,11,0.4579
19,12,0.3276
19,13,0.2547
19,14,0.1642
19,15,0.1642
19,16,0.1642
19,17,0.1642
19,18,0.1642
19,19,0.5197
19,20,0.5197
19,21,0.1443
19,22,0.0824
19,23,0.0228
20,0,0.0118
20,1,0.0118
20,2,0.0118
20,3,0.0228
20,4,0.1332
20,5,0.3872
20,6,1.0784
20,7,1.9794
20,8,1.5245
20,9,0.6721
20,10,0.449
20,11,0.3673
20,12,0.2547
20,13,0.1642
20,14,0.1332
20,15,0.1045
20,16,0.1642
20,17,0.1332
20,18,0.1045
20,19,0.0736
20,20,0.3673
20,21,0.3364
20,22,0.0626
20,23,0.0228
21,0,0.0118
21,1,0.0118
21,2,0.0118
21,3,0.0118
21,4,0.0626
21,5,0.2459
21,6,0.7118
21,7,1.5024
21,8,1.2506
21,9,0.5506
21,10,0.3673
21,11,0.2856
21,12,0.2149
21,13,0.1332
21,14,0.0935
21,15,0.0824
21,16,0.1045
21,17,0.1332
21,18,0.0824
21,19,0.0537
21,20,0.0118
21,21,0.3276
21,22,0.2149
21,23,0.0427
22,0,0.0118
22,1,0.0118
22,2,0.0118
22,3,0.0228
22,4,0.0228
22,5,0.1045
22,6,0.3364
22,7,0.7935
22,8,0.8752
22,9,0.4071
22,10,0.2856
22,11,0.2149
22,12,0.1642
22,13,0.0824
22,14,0.0824
22,15,0.0736
22,16,0.0736
22,17,0.0626
22,18,0.0626
22,19,0.0228
22,20,0.0118
22,21,0.0118
22,22,0.2459
22,23,0.1045
23,0,0.0427
23,1,0.0118
23,2,0.0118
23,3,0.0118
23,4,0.0118
23,5,0.0228
23,6,0.1134
23,7,0.3055
23,8,0.4071
23,9,0.2149
23,10,0.184
23,11,0.1045
23,12,0.0626
23,13,0.0427
23,14,0.0228
23,15,0.0228
23,16,0.0228
23,17,0.0228
23,18,0.0228
23,19,0.0118
23,20,0.0118
23,21,0.0118
23,22,0.0118
23,23,0.1244
